video,split,glasses,frames,face_valid_rate,open_frames,closed_frames,gt_blinks,median_open_EAR,median_closed_EAR,median_face_brightness,median_abs_yaw_deg
talking,DEV,NO,5000,1.0,4547,159,61,0.296,0.042,135.0,19.4
eb8_01,DEV,NO,15784,0.9999,15396,139,38,0.282,0.086,88.5,12.8
eb8_02,DEV,NO,11182,0.9947,10099,636,88,0.289,0.066,90.3,13.4
eb8_03,DEV,NO,9216,0.9999,8743,172,65,0.311,0.082,98.0,2.6
eb8_04,TEST,NO,5405,0.9917,4996,118,31,0.31,0.068,102.7,15.0
eb8_08,TEST,NO,10663,1.0,10411,107,30,0.257,0.07,111.6,3.1
eb8_09,TEST,NO,5134,0.9971,4648,250,41,0.259,0.052,111.7,5.3
eb8_10,TEST,NO,9077,0.995,8440,233,72,0.229,0.057,113.5,4.3
eb8_11,TEST,YES,4895,1.0,4545,144,43,0.225,0.053,112.0,8.6
eb8_04_lowlight,TEST,NO,5405,0.9898,4996,118,31,0.3,0.089,27.4,16.0
eb8_08_lowlight,TEST,NO,10663,1.0,10411,107,30,0.257,0.097,34.8,2.7
eb8_09_lowlight,TEST,NO,5134,0.9971,4648,250,41,0.258,0.082,34.9,5.8
eb8_10_lowlight,TEST,NO,9077,0.9946,8440,233,72,0.226,0.07,36.5,4.0
eb8_11_lowlight,TEST,YES,4895,1.0,4545,144,43,0.225,0.079,36.2,8.2
