config,condition,closed_frames,open_frames,TP,FP,FN,TN,precision,recall,f1,balanced_acc,false_closed_rate,false_open_rate,gt_blinks,detected_events,blink_TP,blink_precision,blink_recall,blink_f1,sg2_ms_per_frame
A,glasses (eb8_11),144,4545,144,1002,0,3543,0.1257,1.0,0.2233,0.8898,0.2205,0.0,43,62,40,0.6452,0.9302,0.7619,0.0117
A,no glasses,708,28495,708,2018,0,26477,0.2597,1.0,0.4123,0.9646,0.0708,0.0,174,218,173,0.7936,0.9943,0.8827,0.012
A,|yaw| < 10 deg,706,24714,706,2515,0,22199,0.2192,1.0,0.3596,0.9491,0.1018,0.0,217,280,213,0.7607,0.9816,0.8571,0.0117
A,|yaw| 10-20 deg,111,7433,111,505,0,6928,0.1802,1.0,0.3054,0.966,0.0679,0.0,217,280,213,0.7607,0.9816,0.8571,0.0117
A,|yaw| >= 20 deg,35,893,35,0,0,893,1.0,1.0,1.0,1.0,0.0,0.0,217,280,213,0.7607,0.9816,0.8571,0.0117
A,|pitch| >= 15 deg,113,2665,113,1252,0,1413,0.0828,1.0,0.1529,0.7651,0.4698,0.0,217,280,213,0.7607,0.9816,0.8571,0.0127
A,normal light,852,33040,852,3020,0,30020,0.22,1.0,0.3607,0.9543,0.0914,0.0,217,280,213,0.7607,0.9816,0.8571,0.0131
A,low light (synthetic),852,33040,850,3158,2,29882,0.2121,0.9977,0.3498,0.951,0.0956,0.0023,217,314,211,0.672,0.9724,0.7947,0.0118
B,glasses (eb8_11),144,4545,144,129,0,4416,0.5275,1.0,0.6906,0.9858,0.0284,0.0,43,47,41,0.8723,0.9535,0.9111,0.0117
B,no glasses,708,28495,673,164,35,28331,0.8041,0.9506,0.8712,0.9724,0.0058,0.0494,174,177,165,0.9322,0.9483,0.9402,0.0116
B,|yaw| < 10 deg,706,24714,687,235,19,24479,0.7451,0.9731,0.844,0.9818,0.0095,0.0269,217,224,206,0.9196,0.9493,0.9342,0.0118
B,|yaw| 10-20 deg,111,7433,97,58,14,7375,0.6258,0.8739,0.7293,0.933,0.0078,0.1261,217,224,206,0.9196,0.9493,0.9342,0.0119
B,|yaw| >= 20 deg,35,893,33,0,2,893,1.0,0.9429,0.9706,0.9714,0.0,0.0571,217,224,206,0.9196,0.9493,0.9342,0.0118
B,|pitch| >= 15 deg,113,2665,112,152,1,2513,0.4242,0.9912,0.5942,0.9671,0.057,0.0088,217,224,206,0.9196,0.9493,0.9342,0.0116
B,normal light,852,33040,817,293,35,32747,0.736,0.9589,0.8328,0.975,0.0089,0.0411,217,224,206,0.9196,0.9493,0.9342,0.0117
B,low light (synthetic),852,33040,771,52,81,32988,0.9368,0.9049,0.9206,0.9517,0.0016,0.0951,217,214,202,0.9439,0.9309,0.9374,0.0117
C,glasses (eb8_11),144,4545,143,9,1,4536,0.9408,0.9931,0.9662,0.9955,0.002,0.0069,43,41,41,1.0,0.9535,0.9762,0.0389
C,no glasses,708,28495,647,71,61,28424,0.9011,0.9138,0.9074,0.9557,0.0025,0.0862,174,170,161,0.9471,0.9253,0.936,0.0393
C,|yaw| < 10 deg,706,24714,658,62,48,24652,0.9139,0.932,0.9229,0.9648,0.0025,0.068,217,211,202,0.9573,0.9309,0.9439,0.039
C,|yaw| 10-20 deg,111,7433,98,18,13,7415,0.8448,0.8829,0.8634,0.9402,0.0024,0.1171,217,211,202,0.9573,0.9309,0.9439,0.039
C,|yaw| >= 20 deg,35,893,34,0,1,893,1.0,0.9714,0.9855,0.9857,0.0,0.0286,217,211,202,0.9573,0.9309,0.9439,0.039
C,|pitch| >= 15 deg,113,2665,110,69,3,2596,0.6145,0.9735,0.7534,0.9738,0.0259,0.0265,217,211,202,0.9573,0.9309,0.9439,0.039
C,normal light,852,33040,790,80,62,32960,0.908,0.9272,0.9175,0.9624,0.0024,0.0728,217,211,202,0.9573,0.9309,0.9439,0.0389
C,low light (synthetic),852,33040,692,9,160,33031,0.9872,0.8122,0.8912,0.906,0.0003,0.1878,217,192,186,0.9688,0.8571,0.9095,0.0397
D,glasses (eb8_11),144,4545,119,2,25,4543,0.9835,0.8264,0.8981,0.913,0.0004,0.1736,43,40,38,0.95,0.8837,0.9157,0.4646
D,no glasses,708,28495,553,15,155,28480,0.9736,0.7811,0.8668,0.8903,0.0005,0.2189,174,158,149,0.943,0.8563,0.8976,0.4627
D,|yaw| < 10 deg,706,24714,591,17,115,24697,0.972,0.8371,0.8995,0.9182,0.0007,0.1629,217,198,187,0.9444,0.8618,0.9012,0.4644
D,|yaw| 10-20 deg,111,7433,56,0,55,7433,1.0,0.5045,0.6707,0.7523,0.0,0.4955,217,198,187,0.9444,0.8618,0.9012,0.4713
D,|yaw| >= 20 deg,35,893,25,0,10,893,1.0,0.7143,0.8333,0.8571,0.0,0.2857,217,198,187,0.9444,0.8618,0.9012,0.4612
D,|pitch| >= 15 deg,113,2665,86,0,27,2665,1.0,0.7611,0.8643,0.8805,0.0,0.2389,217,198,187,0.9444,0.8618,0.9012,0.4614
D,normal light,852,33040,672,17,180,33023,0.9753,0.7887,0.8722,0.8941,0.0005,0.2113,217,198,187,0.9444,0.8618,0.9012,0.4665
D,low light (synthetic),852,33040,644,37,208,33003,0.9457,0.7559,0.8402,0.8774,0.0011,0.2441,217,192,183,0.9531,0.8433,0.8949,0.4626
E,glasses (eb8_11),144,4545,143,30,1,4515,0.8266,0.9931,0.9022,0.9932,0.0066,0.0069,43,43,41,0.9535,0.9535,0.9535,0.0118
E,no glasses,708,28495,676,32,32,28463,0.9548,0.9548,0.9548,0.9768,0.0011,0.0452,174,177,165,0.9322,0.9483,0.9402,0.0117
E,|yaw| < 10 deg,706,24714,677,47,29,24667,0.9351,0.9589,0.9469,0.9785,0.0019,0.0411,217,220,206,0.9364,0.9493,0.9428,0.0117
E,|yaw| 10-20 deg,111,7433,107,15,4,7418,0.877,0.964,0.9185,0.981,0.002,0.036,217,220,206,0.9364,0.9493,0.9428,0.0118
E,|yaw| >= 20 deg,35,893,35,0,0,893,1.0,1.0,1.0,1.0,0.0,0.0,217,220,206,0.9364,0.9493,0.9428,0.0117
E,|pitch| >= 15 deg,113,2665,112,22,1,2643,0.8358,0.9912,0.9069,0.9914,0.0083,0.0088,217,220,206,0.9364,0.9493,0.9428,0.0116
E,normal light,852,33040,819,62,33,32978,0.9296,0.9613,0.9452,0.9797,0.0019,0.0387,217,220,206,0.9364,0.9493,0.9428,0.0118
E,low light (synthetic),852,33040,778,109,74,32931,0.8771,0.9131,0.8948,0.9549,0.0033,0.0869,217,213,201,0.9437,0.9263,0.9349,0.0117
