config,video,glasses,closed_frames,open_frames,TP,FP,FN,TN,precision,recall,f1,balanced_acc,false_closed_rate,false_open_rate,gt_blinks,detected_events,blink_TP,blink_precision,blink_recall,blink_f1,sg2_ms_per_frame
A,eb8_04,NO,118,4996,118,54,0,4942,0.686,1.0,0.8138,0.9946,0.0108,0.0,31,36,30,0.8333,0.9677,0.8955,0.0119
A,eb8_08,NO,107,10411,107,497,0,9914,0.1772,1.0,0.301,0.9761,0.0477,0.0,30,38,30,0.7895,1.0,0.8824,0.0119
A,eb8_09,NO,250,4648,250,65,0,4583,0.7937,1.0,0.885,0.993,0.014,0.0,41,49,41,0.8367,1.0,0.9111,0.0122
A,eb8_10,NO,233,8440,233,1402,0,7038,0.1425,1.0,0.2495,0.9169,0.1661,0.0,72,95,72,0.7579,1.0,0.8623,0.0118
A,eb8_11,YES,144,4545,144,1002,0,3543,0.1257,1.0,0.2233,0.8898,0.2205,0.0,43,62,40,0.6452,0.9302,0.7619,0.0118
B,eb8_04,NO,118,4996,105,0,13,4996,1.0,0.8898,0.9417,0.9449,0.0,0.1102,31,26,25,0.9615,0.8065,0.8772,0.0118
B,eb8_08,NO,107,10411,105,123,2,10288,0.4605,0.9813,0.6269,0.9847,0.0118,0.0187,30,34,30,0.8824,1.0,0.9375,0.0114
B,eb8_09,NO,250,4648,234,12,16,4636,0.9512,0.936,0.9435,0.9667,0.0026,0.064,41,44,40,0.9091,0.9756,0.9412,0.0117
B,eb8_10,NO,233,8440,229,29,4,8411,0.8876,0.9828,0.9328,0.9897,0.0034,0.0172,72,73,70,0.9589,0.9722,0.9655,0.0116
B,eb8_11,YES,144,4545,144,129,0,4416,0.5275,1.0,0.6906,0.9858,0.0284,0.0,43,47,41,0.8723,0.9535,0.9111,0.0115
C,eb8_04,NO,118,4996,107,0,11,4996,1.0,0.9068,0.9511,0.9534,0.0,0.0932,31,26,25,0.9615,0.8065,0.8772,0.0389
C,eb8_08,NO,107,10411,96,70,11,10341,0.5783,0.8972,0.7033,0.9452,0.0067,0.1028,30,35,30,0.8571,1.0,0.9231,0.0395
C,eb8_09,NO,250,4648,224,0,26,4648,1.0,0.896,0.9451,0.948,0.0,0.104,41,42,39,0.9286,0.9512,0.9398,0.0388
C,eb8_10,NO,233,8440,220,1,13,8439,0.9955,0.9442,0.9692,0.972,0.0001,0.0558,72,67,67,1.0,0.9306,0.964,0.0395
C,eb8_11,YES,144,4545,143,9,1,4536,0.9408,0.9931,0.9662,0.9955,0.002,0.0069,43,41,41,1.0,0.9535,0.9762,0.0399
D,eb8_04,NO,118,4996,55,0,63,4996,1.0,0.4661,0.6358,0.7331,0.0,0.5339,31,14,11,0.7857,0.3548,0.4889,0.4626
D,eb8_08,NO,107,10411,102,15,5,10396,0.8718,0.9533,0.9107,0.9759,0.0014,0.0467,30,34,30,0.8824,1.0,0.9375,0.4698
D,eb8_09,NO,250,4648,216,0,34,4648,1.0,0.864,0.927,0.932,0.0,0.136,41,43,41,0.9535,1.0,0.9762,0.4634
D,eb8_10,NO,233,8440,180,0,53,8440,1.0,0.7725,0.8717,0.8863,0.0,0.2275,72,67,67,1.0,0.9306,0.964,0.464
D,eb8_11,YES,144,4545,119,2,25,4543,0.9835,0.8264,0.8981,0.913,0.0004,0.1736,43,40,38,0.95,0.8837,0.9157,0.4648
E,eb8_04,NO,118,4996,116,2,2,4994,0.9831,0.9831,0.9831,0.9913,0.0004,0.0169,31,30,28,0.9333,0.9032,0.918,0.0116
E,eb8_08,NO,107,10411,103,27,4,10384,0.7923,0.9626,0.8692,0.98,0.0026,0.0374,30,35,30,0.8571,1.0,0.9231,0.0118
E,eb8_09,NO,250,4648,236,3,14,4645,0.9874,0.944,0.9652,0.9717,0.0006,0.056,41,43,40,0.9302,0.9756,0.9524,0.0118
E,eb8_10,NO,233,8440,221,0,12,8440,1.0,0.9485,0.9736,0.9742,0.0,0.0515,72,69,67,0.971,0.9306,0.9504,0.0117
E,eb8_11,YES,144,4545,143,30,1,4515,0.8266,0.9931,0.9022,0.9932,0.0066,0.0069,43,43,41,0.9535,0.9535,0.9535,0.0117
