method,fusion,threshold,closed_frames,open_frames,TP,FP,FN,TN,precision,recall,f1,balanced_acc,false_closed_rate,false_open_rate,split
ear_fixed,mean,0.08,1106,38784,746,58,360,38726,0.9279,0.6745,0.7812,0.8365,0.0015,0.3255,DEV
ear_fixed,mean,0.085,1106,38784,795,60,311,38724,0.9298,0.7188,0.8108,0.8586,0.0015,0.2812,DEV
ear_fixed,mean,0.09,1106,38784,838,61,268,38723,0.9321,0.7577,0.8359,0.8781,0.0016,0.2423,DEV
ear_fixed,mean,0.095,1106,38784,874,63,232,38721,0.9328,0.7902,0.8556,0.8943,0.0016,0.2098,DEV
ear_fixed,mean,0.1,1106,38784,900,65,206,38719,0.9326,0.8137,0.8691,0.906,0.0017,0.1863,DEV
ear_fixed,mean,0.105,1106,38784,921,74,185,38710,0.9256,0.8327,0.8767,0.9154,0.0019,0.1673,DEV
ear_fixed,mean,0.11,1106,38784,941,79,165,38705,0.9225,0.8508,0.8852,0.9244,0.002,0.1492,DEV
ear_fixed,mean,0.115,1106,38784,956,85,150,38699,0.9183,0.8644,0.8905,0.9311,0.0022,0.1356,DEV
ear_fixed,mean,0.12,1106,38784,972,99,134,38685,0.9076,0.8788,0.893,0.9381,0.0026,0.1212,DEV
ear_fixed,mean,0.125,1106,38784,985,116,121,38668,0.8946,0.8906,0.8926,0.9438,0.003,0.1094,DEV
ear_fixed,mean,0.13,1106,38784,1001,133,105,38651,0.8827,0.9051,0.8938,0.9508,0.0034,0.0949,DEV
ear_fixed,mean,0.135,1106,38784,1013,168,93,38616,0.8577,0.9159,0.8859,0.9558,0.0043,0.0841,DEV
ear_fixed,mean,0.14,1106,38784,1024,181,82,38603,0.8498,0.9259,0.8862,0.9606,0.0047,0.0741,DEV
ear_fixed,mean,0.145,1106,38784,1039,191,67,38593,0.8447,0.9394,0.8896,0.9672,0.0049,0.0606,DEV
ear_fixed,mean,0.15,1106,38784,1050,215,56,38569,0.83,0.9494,0.8857,0.9719,0.0055,0.0506,DEV
ear_fixed,mean,0.155,1106,38784,1059,234,47,38550,0.819,0.9575,0.8829,0.9757,0.006,0.0425,DEV
ear_fixed,mean,0.16,1106,38784,1068,254,38,38530,0.8079,0.9656,0.8797,0.9795,0.0065,0.0344,DEV
ear_fixed,mean,0.165,1106,38784,1072,288,34,38496,0.7882,0.9693,0.8694,0.9809,0.0074,0.0307,DEV
ear_fixed,mean,0.17,1106,38784,1080,334,26,38450,0.7638,0.9765,0.8571,0.9839,0.0086,0.0235,DEV
ear_fixed,mean,0.175,1106,38784,1085,392,21,38392,0.7346,0.981,0.8401,0.9855,0.0101,0.019,DEV
ear_fixed,mean,0.18,1106,38784,1087,444,19,38340,0.71,0.9828,0.8244,0.9857,0.0114,0.0172,DEV
ear_fixed,mean,0.185,1106,38784,1091,516,15,38268,0.6789,0.9864,0.8043,0.9866,0.0133,0.0136,DEV
ear_fixed,mean,0.19,1106,38784,1094,593,12,38191,0.6485,0.9892,0.7834,0.9869,0.0153,0.0108,DEV
ear_fixed,mean,0.195,1106,38784,1096,678,10,38106,0.6178,0.991,0.7611,0.9867,0.0175,0.009,DEV
ear_fixed,mean,0.2,1106,38784,1100,779,6,38005,0.5854,0.9946,0.737,0.9872,0.0201,0.0054,DEV
ear_fixed,mean,0.205,1106,38784,1101,881,5,37903,0.5555,0.9955,0.7131,0.9864,0.0227,0.0045,DEV
ear_fixed,mean,0.21,1106,38784,1102,1022,4,37762,0.5188,0.9964,0.6824,0.985,0.0264,0.0036,DEV
ear_fixed,mean,0.215,1106,38784,1102,1262,4,37522,0.4662,0.9964,0.6352,0.9819,0.0325,0.0036,DEV
ear_fixed,mean,0.22,1106,38784,1103,1617,3,37167,0.4055,0.9973,0.5766,0.9778,0.0417,0.0027,DEV
ear_fixed,mean,0.225,1106,38784,1103,1922,3,36862,0.3646,0.9973,0.534,0.9739,0.0496,0.0027,DEV
ear_fixed,mean,0.23,1106,38784,1103,2269,3,36515,0.3271,0.9973,0.4926,0.9694,0.0585,0.0027,DEV
ear_fixed,mean,0.235,1106,38784,1104,2761,2,36023,0.2856,0.9982,0.4442,0.9635,0.0712,0.0018,DEV
ear_fixed,mean,0.24,1106,38784,1105,3386,1,35398,0.246,0.9991,0.3949,0.9559,0.0873,0.0009,DEV
ear_fixed,mean,0.245,1106,38784,1106,4141,0,34643,0.2108,1.0,0.3482,0.9466,0.1068,0.0,DEV
ear_fixed,mean,0.25,1106,38784,1106,5165,0,33619,0.1764,1.0,0.2999,0.9334,0.1332,0.0,DEV
ear_fixed,mean,0.255,1106,38784,1106,6264,0,32520,0.1501,1.0,0.261,0.9192,0.1615,0.0,DEV
ear_fixed,mean,0.26,1106,38784,1106,7654,0,31130,0.1263,1.0,0.2242,0.9013,0.1973,0.0,DEV
ear_fixed,mean,0.265,1106,38784,1106,9330,0,29454,0.106,1.0,0.1916,0.8797,0.2406,0.0,DEV
ear_fixed,mean,0.27,1106,38784,1106,11079,0,27705,0.0908,1.0,0.1664,0.8572,0.2857,0.0,DEV
ear_fixed,mean,0.275,1106,38784,1106,12870,0,25914,0.0791,1.0,0.1467,0.8341,0.3318,0.0,DEV
ear_fixed,mean,0.28,1106,38784,1106,15114,0,23670,0.0682,1.0,0.1277,0.8052,0.3897,0.0,DEV
ear_fixed,mean,0.285,1106,38784,1106,17431,0,21353,0.0597,1.0,0.1126,0.7753,0.4494,0.0,DEV
ear_fixed,mean,0.29,1106,38784,1106,19547,0,19237,0.0536,1.0,0.1017,0.748,0.504,0.0,DEV
ear_fixed,mean,0.295,1106,38784,1106,21865,0,16919,0.0481,1.0,0.0919,0.7181,0.5638,0.0,DEV
ear_fixed,mean,0.3,1106,38784,1106,24169,0,14615,0.0438,1.0,0.0838,0.6884,0.6232,0.0,DEV
ear_adaptive,mean,0.2,1106,38664,900,65,206,38599,0.9326,0.8137,0.8691,0.906,0.0017,0.1863,DEV
ear_adaptive,mean,0.225,1106,38664,900,65,206,38599,0.9326,0.8137,0.8691,0.906,0.0017,0.1863,DEV
ear_adaptive,mean,0.25,1106,38664,900,65,206,38599,0.9326,0.8137,0.8691,0.906,0.0017,0.1863,DEV
ear_adaptive,mean,0.275,1106,38664,900,65,206,38599,0.9326,0.8137,0.8691,0.906,0.0017,0.1863,DEV
ear_adaptive,mean,0.3,1106,38664,900,66,206,38598,0.9317,0.8137,0.8687,0.906,0.0017,0.1863,DEV
ear_adaptive,mean,0.325,1106,38664,906,67,200,38597,0.9311,0.8192,0.8716,0.9087,0.0017,0.1808,DEV
ear_adaptive,mean,0.35,1106,38664,933,71,173,38593,0.9293,0.8436,0.8844,0.9209,0.0018,0.1564,DEV
ear_adaptive,mean,0.375,1106,38664,963,84,143,38580,0.9198,0.8707,0.8946,0.9343,0.0022,0.1293,DEV
ear_adaptive,mean,0.4,1106,38664,980,97,126,38567,0.9099,0.8861,0.8978,0.9418,0.0025,0.1139,DEV
ear_adaptive,mean,0.425,1106,38664,1008,125,98,38539,0.8897,0.9114,0.9004,0.9541,0.0032,0.0886,DEV
ear_adaptive,mean,0.45,1106,38664,1025,155,81,38509,0.8686,0.9268,0.8968,0.9614,0.004,0.0732,DEV
ear_adaptive,mean,0.475,1106,38664,1043,181,63,38483,0.8521,0.943,0.8953,0.9692,0.0047,0.057,DEV
ear_adaptive,mean,0.5,1106,38664,1055,222,51,38442,0.8262,0.9539,0.8854,0.9741,0.0057,0.0461,DEV
ear_adaptive,mean,0.525,1106,38664,1069,270,37,38394,0.7984,0.9665,0.8744,0.9798,0.007,0.0335,DEV
ear_adaptive,mean,0.55,1106,38664,1078,336,28,38328,0.7624,0.9747,0.8556,0.983,0.0087,0.0253,DEV
ear_adaptive,mean,0.575,1106,38664,1086,411,20,38253,0.7255,0.9819,0.8344,0.9856,0.0106,0.0181,DEV
ear_adaptive,mean,0.6,1106,38664,1092,500,14,38164,0.6859,0.9873,0.8095,0.9872,0.0129,0.0127,DEV
ear_adaptive,mean,0.625,1106,38664,1096,630,10,38034,0.635,0.991,0.774,0.9873,0.0163,0.009,DEV
ear_adaptive,mean,0.65,1106,38664,1100,791,6,37873,0.5817,0.9946,0.7341,0.9871,0.0205,0.0054,DEV
ear_adaptive,mean,0.675,1106,38664,1102,1025,4,37639,0.5181,0.9964,0.6817,0.9849,0.0265,0.0036,DEV
ear_adaptive,mean,0.7,1106,38664,1103,1492,3,37172,0.425,0.9973,0.5961,0.9793,0.0386,0.0027,DEV
ear_adaptive,mean,0.725,1106,38664,1104,2091,2,36573,0.3455,0.9982,0.5134,0.9721,0.0541,0.0018,DEV
ear_adaptive,mean,0.75,1106,38664,1105,2793,1,35871,0.2835,0.9991,0.4416,0.9634,0.0722,0.0009,DEV
ear_adaptive,mean,0.775,1106,38664,1105,3793,1,34871,0.2256,0.9991,0.3681,0.9505,0.0981,0.0009,DEV
ear_adaptive,mean,0.8,1106,38664,1105,4889,1,33775,0.1844,0.9991,0.3113,0.9363,0.1264,0.0009,DEV
ear_adaptive,mean,0.825,1106,38664,1106,6201,0,32463,0.1514,1.0,0.2629,0.9198,0.1604,0.0,DEV
ear_adaptive,mean,0.85,1106,38664,1106,8022,0,30642,0.1212,1.0,0.2161,0.8963,0.2075,0.0,DEV
ear_adaptive,mean,0.875,1106,38664,1106,10201,0,28463,0.0978,1.0,0.1782,0.8681,0.2638,0.0,DEV
ear_adaptive,mean,0.9,1106,38664,1106,12580,0,26084,0.0808,1.0,0.1495,0.8373,0.3254,0.0,DEV
ear_adaptive,mean,0.925,1106,38664,1106,15700,0,22964,0.0658,1.0,0.1235,0.797,0.4061,0.0,DEV
ear_adaptive,mean,0.95,1106,38664,1106,19784,0,18880,0.0529,1.0,0.1006,0.7442,0.5117,0.0,DEV
cnn,mean,0.05,1106,38784,1103,3716,3,35068,0.2289,0.9973,0.3723,0.9507,0.0958,0.0027,DEV
cnn,mean,0.075,1106,38784,1102,3221,4,35563,0.2549,0.9964,0.406,0.9567,0.083,0.0036,DEV
cnn,mean,0.1,1106,38784,1100,2882,6,35902,0.2762,0.9946,0.4324,0.9601,0.0743,0.0054,DEV
cnn,mean,0.125,1106,38784,1100,2666,6,36118,0.2921,0.9946,0.4516,0.9629,0.0687,0.0054,DEV
cnn,mean,0.15,1106,38784,1099,2487,7,36297,0.3065,0.9937,0.4685,0.9648,0.0641,0.0063,DEV
cnn,mean,0.175,1106,38784,1094,2306,12,36478,0.3218,0.9892,0.4856,0.9648,0.0595,0.0108,DEV
cnn,mean,0.2,1106,38784,1091,2183,15,36601,0.3332,0.9864,0.4982,0.9651,0.0563,0.0136,DEV
cnn,mean,0.225,1106,38784,1087,2057,19,36727,0.3457,0.9828,0.5115,0.9649,0.053,0.0172,DEV
cnn,mean,0.25,1106,38784,1086,1975,20,36809,0.3548,0.9819,0.5212,0.9655,0.0509,0.0181,DEV
cnn,mean,0.275,1106,38784,1083,1904,23,36880,0.3626,0.9792,0.5292,0.9651,0.0491,0.0208,DEV
cnn,mean,0.3,1106,38784,1081,1836,25,36948,0.3706,0.9774,0.5374,0.965,0.0473,0.0226,DEV
cnn,mean,0.325,1106,38784,1081,1786,25,36998,0.377,0.9774,0.5442,0.9657,0.046,0.0226,DEV
cnn,mean,0.35,1106,38784,1080,1722,26,37062,0.3854,0.9765,0.5527,0.966,0.0444,0.0235,DEV
cnn,mean,0.375,1106,38784,1078,1660,28,37124,0.3937,0.9747,0.5609,0.9659,0.0428,0.0253,DEV
cnn,mean,0.4,1106,38784,1078,1585,28,37199,0.4048,0.9747,0.572,0.9669,0.0409,0.0253,DEV
cnn,mean,0.425,1106,38784,1078,1528,28,37256,0.4137,0.9747,0.5808,0.9676,0.0394,0.0253,DEV
cnn,mean,0.45,1106,38784,1078,1467,28,37317,0.4236,0.9747,0.5905,0.9684,0.0378,0.0253,DEV
cnn,mean,0.475,1106,38784,1076,1416,30,37368,0.4318,0.9729,0.5981,0.9682,0.0365,0.0271,DEV
cnn,mean,0.5,1106,38784,1069,1365,37,37419,0.4392,0.9665,0.604,0.9657,0.0352,0.0335,DEV
cnn,mean,0.525,1106,38784,1064,1304,42,37480,0.4493,0.962,0.6126,0.9642,0.0336,0.038,DEV
cnn,mean,0.55,1106,38784,1055,1265,51,37519,0.4547,0.9539,0.6159,0.9606,0.0326,0.0461,DEV
cnn,mean,0.575,1106,38784,1050,1220,56,37564,0.4626,0.9494,0.622,0.959,0.0315,0.0506,DEV
cnn,mean,0.6,1106,38784,1042,1164,64,37620,0.4723,0.9421,0.6292,0.9561,0.03,0.0579,DEV
cnn,mean,0.625,1106,38784,1036,1105,70,37679,0.4839,0.9367,0.6381,0.9541,0.0285,0.0633,DEV
cnn,mean,0.65,1106,38784,1030,1055,76,37729,0.494,0.9313,0.6456,0.952,0.0272,0.0687,DEV
cnn,mean,0.675,1106,38784,1028,1002,78,37782,0.5064,0.9295,0.6556,0.9518,0.0258,0.0705,DEV
cnn,mean,0.7,1106,38784,1025,953,81,37831,0.5182,0.9268,0.6647,0.9511,0.0246,0.0732,DEV
cnn,mean,0.725,1106,38784,1024,919,82,37865,0.527,0.9259,0.6717,0.9511,0.0237,0.0741,DEV
cnn,mean,0.75,1106,38784,1020,870,86,37914,0.5397,0.9222,0.6809,0.9499,0.0224,0.0778,DEV
cnn,mean,0.775,1106,38784,1016,800,90,37984,0.5595,0.9186,0.6954,0.949,0.0206,0.0814,DEV
cnn,mean,0.8,1106,38784,1012,737,94,38047,0.5786,0.915,0.7089,0.948,0.019,0.085,DEV
cnn,mean,0.825,1106,38784,1009,673,97,38111,0.5999,0.9123,0.7238,0.9475,0.0174,0.0877,DEV
cnn,mean,0.85,1106,38784,1006,606,100,38178,0.6241,0.9096,0.7403,0.947,0.0156,0.0904,DEV
cnn,mean,0.875,1106,38784,1002,546,104,38238,0.6473,0.906,0.7551,0.9459,0.0141,0.094,DEV
cnn,mean,0.9,1106,38784,990,502,116,38282,0.6635,0.8951,0.7621,0.9411,0.0129,0.1049,DEV
cnn,mean,0.925,1106,38784,977,473,129,38311,0.6738,0.8834,0.7645,0.9356,0.0122,0.1166,DEV
cnn,mean,0.95,1106,38784,969,405,137,38379,0.7052,0.8761,0.7815,0.9328,0.0104,0.1239,DEV
cnn,mean,0.955,1106,38784,967,391,139,38393,0.7121,0.8743,0.7849,0.9321,0.0101,0.1257,DEV
cnn,mean,0.96,1106,38784,960,366,146,38418,0.724,0.868,0.7895,0.9293,0.0094,0.132,DEV
cnn,mean,0.965,1106,38784,956,342,150,38442,0.7365,0.8644,0.7953,0.9278,0.0088,0.1356,DEV
cnn,mean,0.97,1106,38784,952,321,154,38463,0.7478,0.8608,0.8003,0.9262,0.0083,0.1392,DEV
cnn,mean,0.975,1106,38784,942,286,164,38498,0.7671,0.8517,0.8072,0.9222,0.0074,0.1483,DEV
cnn,mean,0.98,1106,38784,934,248,172,38536,0.7902,0.8445,0.8164,0.919,0.0064,0.1555,DEV
cnn,mean,0.985,1106,38784,921,202,185,38582,0.8201,0.8327,0.8264,0.9138,0.0052,0.1673,DEV
cnn,mean,0.99,1106,38784,900,138,206,38646,0.8671,0.8137,0.8396,0.9051,0.0036,0.1863,DEV
cnn,mean,0.995,1106,38784,867,82,239,38702,0.9136,0.7839,0.8438,0.8909,0.0021,0.2161,DEV
blendshape,mean,0.05,1106,38784,1106,35117,0,3667,0.0305,1.0,0.0593,0.5473,0.9055,0.0,DEV
blendshape,mean,0.075,1106,38784,1106,25558,0,13226,0.0415,1.0,0.0797,0.6705,0.659,0.0,DEV
blendshape,mean,0.1,1106,38784,1106,17515,0,21269,0.0594,1.0,0.1121,0.7742,0.4516,0.0,DEV
blendshape,mean,0.125,1106,38784,1106,11787,0,26997,0.0858,1.0,0.158,0.848,0.3039,0.0,DEV
blendshape,mean,0.15,1106,38784,1105,7541,1,31243,0.1278,0.9991,0.2266,0.9023,0.1944,0.0009,DEV
blendshape,mean,0.175,1106,38784,1104,4605,2,34179,0.1934,0.9982,0.324,0.9397,0.1187,0.0018,DEV
blendshape,mean,0.2,1106,38784,1104,3077,2,35707,0.2641,0.9982,0.4176,0.9594,0.0793,0.0018,DEV
blendshape,mean,0.225,1106,38784,1104,1811,2,36973,0.3787,0.9982,0.5491,0.9757,0.0467,0.0018,DEV
blendshape,mean,0.25,1106,38784,1104,1077,2,37707,0.5062,0.9982,0.6717,0.9852,0.0278,0.0018,DEV
blendshape,mean,0.275,1106,38784,1098,675,8,38109,0.6193,0.9928,0.7628,0.9877,0.0174,0.0072,DEV
blendshape,mean,0.3,1106,38784,1093,470,13,38314,0.6993,0.9882,0.819,0.9881,0.0121,0.0118,DEV
blendshape,mean,0.325,1106,38784,1085,322,21,38462,0.7711,0.981,0.8635,0.9864,0.0083,0.019,DEV
blendshape,mean,0.35,1106,38784,1075,243,31,38541,0.8156,0.972,0.887,0.9829,0.0063,0.028,DEV
blendshape,mean,0.375,1106,38784,1056,185,50,38599,0.8509,0.9548,0.8999,0.975,0.0048,0.0452,DEV
blendshape,mean,0.4,1106,38784,1043,159,63,38625,0.8677,0.943,0.9038,0.9695,0.0041,0.057,DEV
blendshape,mean,0.425,1106,38784,1024,135,82,38649,0.8835,0.9259,0.9042,0.9612,0.0035,0.0741,DEV
blendshape,mean,0.45,1106,38784,992,109,114,38675,0.901,0.8969,0.899,0.9471,0.0028,0.1031,DEV
blendshape,mean,0.475,1106,38784,959,96,147,38688,0.909,0.8671,0.8876,0.9323,0.0025,0.1329,DEV
blendshape,mean,0.5,1106,38784,900,80,206,38704,0.9184,0.8137,0.8629,0.9058,0.0021,0.1863,DEV
blendshape,mean,0.525,1106,38784,846,72,260,38712,0.9216,0.7649,0.836,0.8815,0.0019,0.2351,DEV
blendshape,mean,0.55,1106,38784,779,69,327,38715,0.9186,0.7043,0.7973,0.8513,0.0018,0.2957,DEV
blendshape,mean,0.575,1106,38784,672,50,434,38734,0.9307,0.6076,0.7352,0.8032,0.0013,0.3924,DEV
blendshape,mean,0.6,1106,38784,547,36,559,38748,0.9383,0.4946,0.6477,0.7468,0.0009,0.5054,DEV
blendshape,mean,0.625,1106,38784,382,14,724,38770,0.9646,0.3454,0.5087,0.6725,0.0004,0.6546,DEV
blendshape,mean,0.65,1106,38784,233,1,873,38783,0.9957,0.2107,0.3478,0.6053,0.0,0.7893,DEV
blendshape,mean,0.675,1106,38784,131,0,975,38784,1.0,0.1184,0.2118,0.5592,0.0,0.8816,DEV
blendshape,mean,0.7,1106,38784,81,0,1025,38784,1.0,0.0732,0.1365,0.5366,0.0,0.9268,DEV
blendshape,mean,0.725,1106,38784,48,0,1058,38784,1.0,0.0434,0.0832,0.5217,0.0,0.9566,DEV
blendshape,mean,0.75,1106,38784,31,0,1075,38784,1.0,0.028,0.0545,0.514,0.0,0.972,DEV
blendshape,mean,0.775,1106,38784,16,0,1090,38784,1.0,0.0145,0.0285,0.5072,0.0,0.9855,DEV
blendshape,mean,0.8,1106,38784,7,0,1099,38784,1.0,0.0063,0.0126,0.5032,0.0,0.9937,DEV
blendshape,mean,0.825,1106,38784,2,0,1104,38784,1.0,0.0018,0.0036,0.5009,0.0,0.9982,DEV
blendshape,mean,0.85,1106,38784,0,0,1106,38784,0.0,0.0,0.0,0.5,0.0,1.0,DEV
blendshape,mean,0.875,1106,38784,0,0,1106,38784,0.0,0.0,0.0,0.5,0.0,1.0,DEV
blendshape,mean,0.9,1106,38784,0,0,1106,38784,0.0,0.0,0.0,0.5,0.0,1.0,DEV
blendshape,mean,0.925,1106,38784,0,0,1106,38784,0.0,0.0,0.0,0.5,0.0,1.0,DEV
blendshape,mean,0.95,1106,38784,0,0,1106,38784,0.0,0.0,0.0,0.5,0.0,1.0,DEV
blendshape,mean,0.955,1106,38784,0,0,1106,38784,0.0,0.0,0.0,0.5,0.0,1.0,DEV
blendshape,mean,0.96,1106,38784,0,0,1106,38784,0.0,0.0,0.0,0.5,0.0,1.0,DEV
blendshape,mean,0.965,1106,38784,0,0,1106,38784,0.0,0.0,0.0,0.5,0.0,1.0,DEV
blendshape,mean,0.97,1106,38784,0,0,1106,38784,0.0,0.0,0.0,0.5,0.0,1.0,DEV
blendshape,mean,0.975,1106,38784,0,0,1106,38784,0.0,0.0,0.0,0.5,0.0,1.0,DEV
blendshape,mean,0.98,1106,38784,0,0,1106,38784,0.0,0.0,0.0,0.5,0.0,1.0,DEV
blendshape,mean,0.985,1106,38784,0,0,1106,38784,0.0,0.0,0.0,0.5,0.0,1.0,DEV
blendshape,mean,0.99,1106,38784,0,0,1106,38784,0.0,0.0,0.0,0.5,0.0,1.0,DEV
blendshape,mean,0.995,1106,38784,0,0,1106,38784,0.0,0.0,0.0,0.5,0.0,1.0,DEV
ear_fixed,width_weighted,0.08,1106,38784,750,58,356,38726,0.9282,0.6781,0.7837,0.8383,0.0015,0.3219,DEV
ear_fixed,width_weighted,0.085,1106,38784,796,60,310,38724,0.9299,0.7197,0.8114,0.8591,0.0015,0.2803,DEV
ear_fixed,width_weighted,0.09,1106,38784,839,61,267,38723,0.9322,0.7586,0.8365,0.8785,0.0016,0.2414,DEV
ear_fixed,width_weighted,0.095,1106,38784,876,64,230,38720,0.9319,0.792,0.8563,0.8952,0.0017,0.208,DEV
ear_fixed,width_weighted,0.1,1106,38784,902,67,204,38717,0.9309,0.8156,0.8694,0.9069,0.0017,0.1844,DEV
ear_fixed,width_weighted,0.105,1106,38784,922,74,184,38710,0.9257,0.8336,0.8773,0.9159,0.0019,0.1664,DEV
ear_fixed,width_weighted,0.11,1106,38784,940,80,166,38704,0.9216,0.8499,0.8843,0.9239,0.0021,0.1501,DEV
ear_fixed,width_weighted,0.115,1106,38784,957,89,149,38695,0.9149,0.8653,0.8894,0.9315,0.0023,0.1347,DEV
ear_fixed,width_weighted,0.12,1106,38784,972,99,134,38685,0.9076,0.8788,0.893,0.9381,0.0026,0.1212,DEV
ear_fixed,width_weighted,0.125,1106,38784,986,120,120,38664,0.8915,0.8915,0.8915,0.9442,0.0031,0.1085,DEV
ear_fixed,width_weighted,0.13,1106,38784,1002,140,104,38644,0.8774,0.906,0.8915,0.9512,0.0036,0.094,DEV
ear_fixed,width_weighted,0.135,1106,38784,1015,169,91,38615,0.8573,0.9177,0.8865,0.9567,0.0044,0.0823,DEV
ear_fixed,width_weighted,0.14,1106,38784,1025,182,81,38602,0.8492,0.9268,0.8863,0.961,0.0047,0.0732,DEV
ear_fixed,width_weighted,0.145,1106,38784,1040,197,66,38587,0.8407,0.9403,0.8878,0.9676,0.0051,0.0597,DEV
ear_fixed,width_weighted,0.15,1106,38784,1052,218,54,38566,0.8283,0.9512,0.8855,0.9728,0.0056,0.0488,DEV
ear_fixed,width_weighted,0.155,1106,38784,1059,236,47,38548,0.8178,0.9575,0.8821,0.9757,0.0061,0.0425,DEV
ear_fixed,width_weighted,0.16,1106,38784,1070,257,36,38527,0.8063,0.9675,0.8796,0.9804,0.0066,0.0325,DEV
ear_fixed,width_weighted,0.165,1106,38784,1073,290,33,38494,0.7872,0.9702,0.8692,0.9813,0.0075,0.0298,DEV
ear_fixed,width_weighted,0.17,1106,38784,1082,341,24,38443,0.7604,0.9783,0.8557,0.9848,0.0088,0.0217,DEV
ear_fixed,width_weighted,0.175,1106,38784,1087,393,19,38391,0.7345,0.9828,0.8407,0.9863,0.0101,0.0172,DEV
ear_fixed,width_weighted,0.18,1106,38784,1088,448,18,38336,0.7083,0.9837,0.8236,0.9861,0.0116,0.0163,DEV
ear_fixed,width_weighted,0.185,1106,38784,1091,519,15,38265,0.6776,0.9864,0.8034,0.9865,0.0134,0.0136,DEV
ear_fixed,width_weighted,0.19,1106,38784,1094,599,12,38185,0.6462,0.9892,0.7817,0.9869,0.0154,0.0108,DEV
ear_fixed,width_weighted,0.195,1106,38784,1097,681,9,38103,0.617,0.9919,0.7607,0.9872,0.0176,0.0081,DEV
ear_fixed,width_weighted,0.2,1106,38784,1100,782,6,38002,0.5845,0.9946,0.7363,0.9872,0.0202,0.0054,DEV
ear_fixed,width_weighted,0.205,1106,38784,1101,888,5,37896,0.5535,0.9955,0.7115,0.9863,0.0229,0.0045,DEV
ear_fixed,width_weighted,0.21,1106,38784,1102,1039,4,37745,0.5147,0.9964,0.6788,0.9848,0.0268,0.0036,DEV
ear_fixed,width_weighted,0.215,1106,38784,1102,1271,4,37513,0.4644,0.9964,0.6335,0.9818,0.0328,0.0036,DEV
ear_fixed,width_weighted,0.22,1106,38784,1103,1634,3,37150,0.403,0.9973,0.574,0.9776,0.0421,0.0027,DEV
ear_fixed,width_weighted,0.225,1106,38784,1103,1934,3,36850,0.3632,0.9973,0.5325,0.9737,0.0499,0.0027,DEV
ear_fixed,width_weighted,0.23,1106,38784,1103,2298,3,36486,0.3243,0.9973,0.4895,0.969,0.0593,0.0027,DEV
ear_fixed,width_weighted,0.235,1106,38784,1104,2779,2,36005,0.2843,0.9982,0.4426,0.9633,0.0717,0.0018,DEV
ear_fixed,width_weighted,0.24,1106,38784,1105,3419,1,35365,0.2443,0.9991,0.3925,0.9555,0.0882,0.0009,DEV
ear_fixed,width_weighted,0.245,1106,38784,1106,4184,0,34600,0.2091,1.0,0.3458,0.9461,0.1079,0.0,DEV
ear_fixed,width_weighted,0.25,1106,38784,1106,5210,0,33574,0.1751,1.0,0.298,0.9328,0.1343,0.0,DEV
ear_fixed,width_weighted,0.255,1106,38784,1106,6319,0,32465,0.149,1.0,0.2593,0.9185,0.1629,0.0,DEV
ear_fixed,width_weighted,0.26,1106,38784,1106,7752,0,31032,0.1249,1.0,0.222,0.9001,0.1999,0.0,DEV
ear_fixed,width_weighted,0.265,1106,38784,1106,9414,0,29370,0.1051,1.0,0.1903,0.8786,0.2427,0.0,DEV
ear_fixed,width_weighted,0.27,1106,38784,1106,11171,0,27613,0.0901,1.0,0.1653,0.856,0.288,0.0,DEV
ear_fixed,width_weighted,0.275,1106,38784,1106,12960,0,25824,0.0786,1.0,0.1458,0.8329,0.3342,0.0,DEV
ear_fixed,width_weighted,0.28,1106,38784,1106,15267,0,23517,0.0676,1.0,0.1266,0.8032,0.3936,0.0,DEV
ear_fixed,width_weighted,0.285,1106,38784,1106,17587,0,21197,0.0592,1.0,0.1117,0.7733,0.4535,0.0,DEV
ear_fixed,width_weighted,0.29,1106,38784,1106,19699,0,19085,0.0532,1.0,0.101,0.746,0.5079,0.0,DEV
ear_fixed,width_weighted,0.295,1106,38784,1106,22078,0,16706,0.0477,1.0,0.0911,0.7154,0.5693,0.0,DEV
ear_fixed,width_weighted,0.3,1106,38784,1106,24367,0,14417,0.0434,1.0,0.0832,0.6859,0.6283,0.0,DEV
ear_fixed,mean,0.08,852,33040,648,10,204,33030,0.9848,0.7606,0.8583,0.8801,0.0003,0.2394,TEST
ear_fixed,mean,0.085,852,33040,679,19,173,33021,0.9728,0.7969,0.8761,0.8982,0.0006,0.2031,TEST
ear_fixed,mean,0.09,852,33040,704,31,148,33009,0.9578,0.8263,0.8872,0.9127,0.0009,0.1737,TEST
ear_fixed,mean,0.095,852,33040,729,38,123,33002,0.9505,0.8556,0.9006,0.9272,0.0012,0.1444,TEST
ear_fixed,mean,0.1,852,33040,747,49,105,32991,0.9384,0.8768,0.9066,0.9376,0.0015,0.1232,TEST
ear_fixed,mean,0.105,852,33040,762,63,90,32977,0.9236,0.8944,0.9088,0.9462,0.0019,0.1056,TEST
ear_fixed,mean,0.11,852,33040,774,88,78,32952,0.8979,0.9085,0.9032,0.9529,0.0027,0.0915,TEST
ear_fixed,mean,0.115,852,33040,783,142,69,32898,0.8465,0.919,0.8813,0.9574,0.0043,0.081,TEST
ear_fixed,mean,0.12,852,33040,796,197,56,32843,0.8016,0.9343,0.8629,0.9642,0.006,0.0657,TEST
ear_fixed,mean,0.125,852,33040,808,240,44,32800,0.771,0.9484,0.8505,0.9705,0.0073,0.0516,TEST
ear_fixed,mean,0.13,852,33040,817,293,35,32747,0.736,0.9589,0.8328,0.975,0.0089,0.0411,TEST
ear_fixed,mean,0.135,852,33040,826,356,26,32684,0.6988,0.9695,0.8122,0.9794,0.0108,0.0305,TEST
ear_fixed,mean,0.14,852,33040,829,432,23,32608,0.6574,0.973,0.7847,0.98,0.0131,0.027,TEST
ear_fixed,mean,0.145,852,33040,833,500,19,32540,0.6249,0.9777,0.7625,0.9813,0.0151,0.0223,TEST
ear_fixed,mean,0.15,852,33040,834,552,18,32488,0.6017,0.9789,0.7453,0.9811,0.0167,0.0211,TEST
ear_fixed,mean,0.155,852,33040,836,621,16,32419,0.5738,0.9812,0.7241,0.9812,0.0188,0.0188,TEST
ear_fixed,mean,0.16,852,33040,839,714,13,32326,0.5402,0.9847,0.6977,0.9816,0.0216,0.0153,TEST
ear_fixed,mean,0.165,852,33040,842,851,10,32189,0.4973,0.9883,0.6617,0.9813,0.0258,0.0117,TEST
ear_fixed,mean,0.17,852,33040,844,1036,8,32004,0.4489,0.9906,0.6179,0.9796,0.0314,0.0094,TEST
ear_fixed,mean,0.175,852,33040,847,1224,5,31816,0.409,0.9941,0.5795,0.9785,0.037,0.0059,TEST
ear_fixed,mean,0.18,852,33040,849,1441,3,31599,0.3707,0.9965,0.5404,0.9764,0.0436,0.0035,TEST
ear_fixed,mean,0.185,852,33040,849,1752,3,31288,0.3264,0.9965,0.4917,0.9717,0.053,0.0035,TEST
ear_fixed,mean,0.19,852,33040,849,2126,3,30914,0.2854,0.9965,0.4437,0.9661,0.0643,0.0035,TEST
ear_fixed,mean,0.195,852,33040,849,2599,3,30441,0.2462,0.9965,0.3949,0.9589,0.0787,0.0035,TEST
ear_fixed,mean,0.2,852,33040,852,3020,0,30020,0.22,1.0,0.3607,0.9543,0.0914,0.0,TEST
ear_fixed,mean,0.205,852,33040,852,3546,0,29494,0.1937,1.0,0.3246,0.9463,0.1073,0.0,TEST
ear_fixed,mean,0.21,852,33040,852,4238,0,28802,0.1674,1.0,0.2868,0.9359,0.1283,0.0,TEST
ear_fixed,mean,0.215,852,33040,852,4989,0,28051,0.1459,1.0,0.2546,0.9245,0.151,0.0,TEST
ear_fixed,mean,0.22,852,33040,852,6016,0,27024,0.1241,1.0,0.2207,0.909,0.1821,0.0,TEST
ear_fixed,mean,0.225,852,33040,852,7438,0,25602,0.1028,1.0,0.1864,0.8874,0.2251,0.0,TEST
ear_fixed,mean,0.23,852,33040,852,8876,0,24164,0.0876,1.0,0.1611,0.8657,0.2686,0.0,TEST
ear_fixed,mean,0.235,852,33040,852,10557,0,22483,0.0747,1.0,0.139,0.8402,0.3195,0.0,TEST
ear_fixed,mean,0.24,852,33040,852,12470,0,20570,0.064,1.0,0.1202,0.8113,0.3774,0.0,TEST
ear_fixed,mean,0.245,852,33040,852,14288,0,18752,0.0563,1.0,0.1066,0.7838,0.4324,0.0,TEST
ear_fixed,mean,0.25,852,33040,852,16209,0,16831,0.0499,1.0,0.0951,0.7547,0.4906,0.0,TEST
ear_fixed,mean,0.255,852,33040,852,18344,0,14696,0.0444,1.0,0.085,0.7224,0.5552,0.0,TEST
ear_fixed,mean,0.26,852,33040,852,21174,0,11866,0.0387,1.0,0.0745,0.6796,0.6409,0.0,TEST
ear_fixed,mean,0.265,852,33040,852,23030,0,10010,0.0357,1.0,0.0689,0.6515,0.697,0.0,TEST
ear_fixed,mean,0.27,852,33040,852,24584,0,8456,0.0335,1.0,0.0648,0.628,0.7441,0.0,TEST
ear_fixed,mean,0.275,852,33040,852,25890,0,7150,0.0319,1.0,0.0618,0.6082,0.7836,0.0,TEST
ear_fixed,mean,0.28,852,33040,852,26767,0,6273,0.0308,1.0,0.0599,0.5949,0.8101,0.0,TEST
ear_fixed,mean,0.285,852,33040,852,27783,0,5257,0.0298,1.0,0.0578,0.5796,0.8409,0.0,TEST
ear_fixed,mean,0.29,852,33040,852,28660,0,4380,0.0289,1.0,0.0561,0.5663,0.8674,0.0,TEST
ear_fixed,mean,0.295,852,33040,852,29098,0,3942,0.0284,1.0,0.0553,0.5597,0.8807,0.0,TEST
ear_fixed,mean,0.3,852,33040,852,29309,0,3731,0.0282,1.0,0.0549,0.5565,0.8871,0.0,TEST
ear_adaptive,mean,0.2,847,32978,742,49,105,32929,0.9381,0.876,0.906,0.9373,0.0015,0.124,TEST
ear_adaptive,mean,0.225,847,32978,742,49,105,32929,0.9381,0.876,0.906,0.9373,0.0015,0.124,TEST
ear_adaptive,mean,0.25,847,32978,742,49,105,32929,0.9381,0.876,0.906,0.9373,0.0015,0.124,TEST
ear_adaptive,mean,0.275,847,32978,742,49,105,32929,0.9381,0.876,0.906,0.9373,0.0015,0.124,TEST
ear_adaptive,mean,0.3,847,32978,742,49,105,32929,0.9381,0.876,0.906,0.9373,0.0015,0.124,TEST
ear_adaptive,mean,0.325,847,32978,744,49,103,32929,0.9382,0.8784,0.9073,0.9385,0.0015,0.1216,TEST
ear_adaptive,mean,0.35,847,32978,747,49,100,32929,0.9384,0.8819,0.9093,0.9402,0.0015,0.1181,TEST
ear_adaptive,mean,0.375,847,32978,757,49,90,32929,0.9392,0.8937,0.9159,0.9461,0.0015,0.1063,TEST
ear_adaptive,mean,0.4,847,32978,772,58,75,32920,0.9301,0.9115,0.9207,0.9548,0.0018,0.0885,TEST
ear_adaptive,mean,0.425,847,32978,785,80,62,32898,0.9075,0.9268,0.9171,0.9622,0.0024,0.0732,TEST
ear_adaptive,mean,0.45,847,32978,800,104,47,32874,0.885,0.9445,0.9138,0.9707,0.0032,0.0555,TEST
ear_adaptive,mean,0.475,847,32978,811,145,36,32833,0.8483,0.9575,0.8996,0.9766,0.0044,0.0425,TEST
ear_adaptive,mean,0.5,847,32978,820,226,27,32752,0.7839,0.9681,0.8663,0.9806,0.0069,0.0319,TEST
ear_adaptive,mean,0.525,847,32978,826,284,21,32694,0.7441,0.9752,0.8441,0.9833,0.0086,0.0248,TEST
ear_adaptive,mean,0.55,847,32978,835,346,12,32632,0.707,0.9858,0.8235,0.9877,0.0105,0.0142,TEST
ear_adaptive,mean,0.575,847,32978,837,433,10,32545,0.6591,0.9882,0.7907,0.9875,0.0131,0.0118,TEST
ear_adaptive,mean,0.6,847,32978,838,522,9,32456,0.6162,0.9894,0.7594,0.9868,0.0158,0.0106,TEST
ear_adaptive,mean,0.625,847,32978,840,625,7,32353,0.5734,0.9917,0.7266,0.9864,0.019,0.0083,TEST
ear_adaptive,mean,0.65,847,32978,844,711,3,32267,0.5428,0.9965,0.7027,0.9874,0.0216,0.0035,TEST
ear_adaptive,mean,0.675,847,32978,844,879,3,32099,0.4898,0.9965,0.6568,0.9849,0.0267,0.0035,TEST
ear_adaptive,mean,0.7,847,32978,846,1112,1,31866,0.4321,0.9988,0.6032,0.9825,0.0337,0.0012,TEST
ear_adaptive,mean,0.725,847,32978,846,1463,1,31515,0.3664,0.9988,0.5361,0.9772,0.0444,0.0012,TEST
ear_adaptive,mean,0.75,847,32978,846,1952,1,31026,0.3024,0.9988,0.4642,0.9698,0.0592,0.0012,TEST
ear_adaptive,mean,0.775,847,32978,847,2488,0,30490,0.254,1.0,0.4051,0.9623,0.0754,0.0,TEST
ear_adaptive,mean,0.8,847,32978,847,3131,0,29847,0.2129,1.0,0.3511,0.9525,0.0949,0.0,TEST
ear_adaptive,mean,0.825,847,32978,847,3985,0,28993,0.1753,1.0,0.2983,0.9396,0.1208,0.0,TEST
ear_adaptive,mean,0.85,847,32978,847,5179,0,27799,0.1406,1.0,0.2465,0.9215,0.157,0.0,TEST
ear_adaptive,mean,0.875,847,32978,847,6618,0,26360,0.1135,1.0,0.2038,0.8997,0.2007,0.0,TEST
ear_adaptive,mean,0.9,847,32978,847,8429,0,24549,0.0913,1.0,0.1673,0.8722,0.2556,0.0,TEST
ear_adaptive,mean,0.925,847,32978,847,11003,0,21975,0.0715,1.0,0.1334,0.8332,0.3336,0.0,TEST
ear_adaptive,mean,0.95,847,32978,847,14340,0,18638,0.0558,1.0,0.1057,0.7826,0.4348,0.0,TEST
cnn,mean,0.05,852,33040,852,10971,0,22069,0.0721,1.0,0.1344,0.834,0.3321,0.0,TEST
cnn,mean,0.075,852,33040,852,9678,0,23362,0.0809,1.0,0.1497,0.8535,0.2929,0.0,TEST
cnn,mean,0.1,852,33040,852,8778,0,24262,0.0885,1.0,0.1626,0.8672,0.2657,0.0,TEST
cnn,mean,0.125,852,33040,852,8094,0,24946,0.0952,1.0,0.1739,0.8775,0.245,0.0,TEST
cnn,mean,0.15,852,33040,852,7546,0,25494,0.1015,1.0,0.1842,0.8858,0.2284,0.0,TEST
cnn,mean,0.175,852,33040,851,7074,1,25966,0.1074,0.9988,0.1939,0.8924,0.2141,0.0012,TEST
cnn,mean,0.2,852,33040,851,6661,1,26379,0.1133,0.9988,0.2035,0.8986,0.2016,0.0012,TEST
cnn,mean,0.225,852,33040,851,6308,1,26732,0.1189,0.9988,0.2125,0.904,0.1909,0.0012,TEST
cnn,mean,0.25,852,33040,850,5997,2,27043,0.1241,0.9977,0.2208,0.9081,0.1815,0.0023,TEST
cnn,mean,0.275,852,33040,848,5707,4,27333,0.1294,0.9953,0.229,0.9113,0.1727,0.0047,TEST
cnn,mean,0.3,852,33040,848,5410,4,27630,0.1355,0.9953,0.2385,0.9158,0.1637,0.0047,TEST
cnn,mean,0.325,852,33040,848,5122,4,27918,0.142,0.9953,0.2486,0.9201,0.155,0.0047,TEST
cnn,mean,0.35,852,33040,846,4860,6,28180,0.1483,0.993,0.258,0.9229,0.1471,0.007,TEST
cnn,mean,0.375,852,33040,844,4579,8,28461,0.1556,0.9906,0.269,0.926,0.1386,0.0094,TEST
cnn,mean,0.4,852,33040,844,4317,8,28723,0.1635,0.9906,0.2807,0.93,0.1307,0.0094,TEST
cnn,mean,0.425,852,33040,843,4044,9,28996,0.1725,0.9894,0.2938,0.9335,0.1224,0.0106,TEST
cnn,mean,0.45,852,33040,842,3739,10,29301,0.1838,0.9883,0.31,0.9375,0.1132,0.0117,TEST
cnn,mean,0.475,852,33040,841,3460,11,29580,0.1955,0.9871,0.3264,0.9412,0.1047,0.0129,TEST
cnn,mean,0.5,852,33040,839,3106,13,29934,0.2127,0.9847,0.3498,0.9454,0.094,0.0153,TEST
cnn,mean,0.525,852,33040,837,2829,15,30211,0.2283,0.9824,0.3705,0.9484,0.0856,0.0176,TEST
cnn,mean,0.55,852,33040,836,2592,16,30448,0.2439,0.9812,0.3907,0.9514,0.0785,0.0188,TEST
cnn,mean,0.575,852,33040,833,2317,19,30723,0.2644,0.9777,0.4163,0.9538,0.0701,0.0223,TEST
cnn,mean,0.6,852,33040,830,2081,22,30959,0.2851,0.9742,0.4411,0.9556,0.063,0.0258,TEST
cnn,mean,0.625,852,33040,828,1885,24,31155,0.3052,0.9718,0.4645,0.9574,0.0571,0.0282,TEST
cnn,mean,0.65,852,33040,826,1710,26,31330,0.3257,0.9695,0.4876,0.9589,0.0518,0.0305,TEST
cnn,mean,0.675,852,33040,824,1561,28,31479,0.3455,0.9671,0.5091,0.9599,0.0472,0.0329,TEST
cnn,mean,0.7,852,33040,820,1427,32,31613,0.3649,0.9624,0.5292,0.9596,0.0432,0.0376,TEST
cnn,mean,0.725,852,33040,819,1284,33,31756,0.3894,0.9613,0.5543,0.9612,0.0389,0.0387,TEST
cnn,mean,0.75,852,33040,818,1158,34,31882,0.414,0.9601,0.5785,0.9625,0.035,0.0399,TEST
cnn,mean,0.775,852,33040,815,1049,37,31991,0.4372,0.9566,0.6001,0.9624,0.0317,0.0434,TEST
cnn,mean,0.8,852,33040,813,942,39,32098,0.4632,0.9542,0.6237,0.9629,0.0285,0.0458,TEST
cnn,mean,0.825,852,33040,813,824,39,32216,0.4966,0.9542,0.6533,0.9646,0.0249,0.0458,TEST
cnn,mean,0.85,852,33040,810,715,42,32325,0.5311,0.9507,0.6815,0.9645,0.0216,0.0493,TEST
cnn,mean,0.875,852,33040,808,606,44,32434,0.5714,0.9484,0.7132,0.965,0.0183,0.0516,TEST
cnn,mean,0.9,852,33040,804,490,48,32550,0.6213,0.9437,0.7493,0.9644,0.0148,0.0563,TEST
cnn,mean,0.925,852,33040,796,357,56,32683,0.6904,0.9343,0.794,0.9617,0.0108,0.0657,TEST
cnn,mean,0.95,852,33040,782,209,70,32831,0.7891,0.9178,0.8486,0.9558,0.0063,0.0822,TEST
cnn,mean,0.955,852,33040,780,181,72,32859,0.8117,0.9155,0.8605,0.955,0.0055,0.0845,TEST
cnn,mean,0.96,852,33040,778,154,74,32886,0.8348,0.9131,0.8722,0.9542,0.0047,0.0869,TEST
cnn,mean,0.965,852,33040,777,130,75,32910,0.8567,0.912,0.8835,0.954,0.0039,0.088,TEST
cnn,mean,0.97,852,33040,773,106,79,32934,0.8794,0.9073,0.8931,0.952,0.0032,0.0927,TEST
cnn,mean,0.975,852,33040,767,93,85,32947,0.8919,0.9002,0.896,0.9487,0.0028,0.0998,TEST
cnn,mean,0.98,852,33040,761,72,91,32968,0.9136,0.8932,0.9033,0.9455,0.0022,0.1068,TEST
cnn,mean,0.985,852,33040,746,60,106,32980,0.9256,0.8756,0.8999,0.9369,0.0018,0.1244,TEST
cnn,mean,0.99,852,33040,725,31,127,33009,0.959,0.8509,0.9017,0.925,0.0009,0.1491,TEST
cnn,mean,0.995,852,33040,672,17,180,33023,0.9753,0.7887,0.8722,0.8941,0.0005,0.2113,TEST
blendshape,mean,0.05,852,33040,852,32851,0,189,0.0253,1.0,0.0493,0.5029,0.9943,0.0,TEST
blendshape,mean,0.075,852,33040,852,31093,0,1947,0.0267,1.0,0.052,0.5295,0.9411,0.0,TEST
blendshape,mean,0.1,852,33040,852,28930,0,4110,0.0286,1.0,0.0556,0.5622,0.8756,0.0,TEST
blendshape,mean,0.125,852,33040,852,25968,0,7072,0.0318,1.0,0.0616,0.607,0.786,0.0,TEST
blendshape,mean,0.15,852,33040,852,19250,0,13790,0.0424,1.0,0.0813,0.7087,0.5826,0.0,TEST
blendshape,mean,0.175,852,33040,852,10490,0,22550,0.0751,1.0,0.1397,0.8413,0.3175,0.0,TEST
blendshape,mean,0.2,852,33040,852,5234,0,27806,0.14,1.0,0.2456,0.9208,0.1584,0.0,TEST
blendshape,mean,0.225,852,33040,852,3008,0,30032,0.2207,1.0,0.3616,0.9545,0.091,0.0,TEST
blendshape,mean,0.25,852,33040,851,1988,1,31052,0.2998,0.9988,0.4611,0.9693,0.0602,0.0012,TEST
blendshape,mean,0.275,852,33040,848,1218,4,31822,0.4105,0.9953,0.5812,0.9792,0.0369,0.0047,TEST
blendshape,mean,0.3,852,33040,847,910,5,32130,0.4821,0.9941,0.6493,0.9833,0.0275,0.0059,TEST
blendshape,mean,0.325,852,33040,846,708,6,32332,0.5444,0.993,0.7032,0.9858,0.0214,0.007,TEST
blendshape,mean,0.35,852,33040,843,464,9,32576,0.645,0.9894,0.7809,0.9877,0.014,0.0106,TEST
blendshape,mean,0.375,852,33040,838,284,14,32756,0.7469,0.9836,0.849,0.9875,0.0086,0.0164,TEST
blendshape,mean,0.4,852,33040,827,160,25,32880,0.8379,0.9707,0.8994,0.9829,0.0048,0.0293,TEST
blendshape,mean,0.425,852,33040,819,62,33,32978,0.9296,0.9613,0.9452,0.9797,0.0019,0.0387,TEST
blendshape,mean,0.45,852,33040,803,30,49,33010,0.964,0.9425,0.9531,0.9708,0.0009,0.0575,TEST
blendshape,mean,0.475,852,33040,772,21,80,33019,0.9735,0.9061,0.9386,0.9527,0.0006,0.0939,TEST
blendshape,mean,0.5,852,33040,730,17,122,33023,0.9772,0.8568,0.9131,0.9281,0.0005,0.1432,TEST
blendshape,mean,0.525,852,33040,656,11,196,33029,0.9835,0.77,0.8637,0.8848,0.0003,0.23,TEST
blendshape,mean,0.55,852,33040,584,9,268,33031,0.9848,0.6854,0.8083,0.8426,0.0003,0.3146,TEST
blendshape,mean,0.575,852,33040,490,3,362,33037,0.9939,0.5751,0.7286,0.7875,0.0001,0.4249,TEST
blendshape,mean,0.6,852,33040,381,1,471,33039,0.9974,0.4472,0.6175,0.7236,0.0,0.5528,TEST
blendshape,mean,0.625,852,33040,310,0,542,33040,1.0,0.3638,0.5336,0.6819,0.0,0.6362,TEST
blendshape,mean,0.65,852,33040,236,0,616,33040,1.0,0.277,0.4338,0.6385,0.0,0.723,TEST
blendshape,mean,0.675,852,33040,167,0,685,33040,1.0,0.196,0.3278,0.598,0.0,0.804,TEST
blendshape,mean,0.7,852,33040,118,0,734,33040,1.0,0.1385,0.2433,0.5692,0.0,0.8615,TEST
blendshape,mean,0.725,852,33040,63,0,789,33040,1.0,0.0739,0.1377,0.537,0.0,0.9261,TEST
blendshape,mean,0.75,852,33040,26,0,826,33040,1.0,0.0305,0.0592,0.5153,0.0,0.9695,TEST
blendshape,mean,0.775,852,33040,1,0,851,33040,1.0,0.0012,0.0023,0.5006,0.0,0.9988,TEST
blendshape,mean,0.8,852,33040,0,0,852,33040,0.0,0.0,0.0,0.5,0.0,1.0,TEST
blendshape,mean,0.825,852,33040,0,0,852,33040,0.0,0.0,0.0,0.5,0.0,1.0,TEST
blendshape,mean,0.85,852,33040,0,0,852,33040,0.0,0.0,0.0,0.5,0.0,1.0,TEST
blendshape,mean,0.875,852,33040,0,0,852,33040,0.0,0.0,0.0,0.5,0.0,1.0,TEST
blendshape,mean,0.9,852,33040,0,0,852,33040,0.0,0.0,0.0,0.5,0.0,1.0,TEST
blendshape,mean,0.925,852,33040,0,0,852,33040,0.0,0.0,0.0,0.5,0.0,1.0,TEST
blendshape,mean,0.95,852,33040,0,0,852,33040,0.0,0.0,0.0,0.5,0.0,1.0,TEST
blendshape,mean,0.955,852,33040,0,0,852,33040,0.0,0.0,0.0,0.5,0.0,1.0,TEST
blendshape,mean,0.96,852,33040,0,0,852,33040,0.0,0.0,0.0,0.5,0.0,1.0,TEST
blendshape,mean,0.965,852,33040,0,0,852,33040,0.0,0.0,0.0,0.5,0.0,1.0,TEST
blendshape,mean,0.97,852,33040,0,0,852,33040,0.0,0.0,0.0,0.5,0.0,1.0,TEST
blendshape,mean,0.975,852,33040,0,0,852,33040,0.0,0.0,0.0,0.5,0.0,1.0,TEST
blendshape,mean,0.98,852,33040,0,0,852,33040,0.0,0.0,0.0,0.5,0.0,1.0,TEST
blendshape,mean,0.985,852,33040,0,0,852,33040,0.0,0.0,0.0,0.5,0.0,1.0,TEST
blendshape,mean,0.99,852,33040,0,0,852,33040,0.0,0.0,0.0,0.5,0.0,1.0,TEST
blendshape,mean,0.995,852,33040,0,0,852,33040,0.0,0.0,0.0,0.5,0.0,1.0,TEST
