config,name,test_set,closed_frames,open_frames,precision,recall,f1,balanced_acc,false_closed_rate,false_open_rate,FP,FN,gt_blinks,detected_events,blink_precision,blink_recall,blink_f1,sg2_ms_per_frame,description
A,A_baseline_ear_fixed_0.20,TEST,852,33040,0.22,1.0,0.3607,0.9543,0.0914,0.0,3020,0,217,280,0.7607,0.9816,0.8571,0.0118,"Week 4 baseline: EAR, literature threshold 0.20"
A,A_baseline_ear_fixed_0.20,TEST low-light (synthetic),852,33040,0.2121,0.9977,0.3498,0.951,0.0956,0.0023,3158,2,217,314,0.672,0.9724,0.7947,0.0117,"Week 4 baseline: EAR, literature threshold 0.20"
B,B_ear_fixed_tuned_0.130,TEST,852,33040,0.736,0.9589,0.8328,0.975,0.0089,0.0411,293,35,217,224,0.9196,0.9493,0.9342,0.0116,"EAR, threshold tuned on DEV"
B,B_ear_fixed_tuned_0.130,TEST low-light (synthetic),852,33040,0.9368,0.9049,0.9206,0.9517,0.0016,0.0951,52,81,217,214,0.9439,0.9309,0.9374,0.0118,"EAR, threshold tuned on DEV"
C,C_ear_adaptive_k0.425,TEST,852,33040,0.908,0.9272,0.9175,0.9624,0.0024,0.0728,80,62,217,211,0.9573,0.9309,0.9439,0.0392,"EAR, per-driver adaptive threshold k x open-eye EAR (80th pct, last 30 s)"
C,C_ear_adaptive_k0.425,TEST low-light (synthetic),852,33040,0.9872,0.8122,0.8912,0.906,0.0003,0.1878,9,160,217,192,0.9688,0.8571,0.9095,0.0391,"EAR, per-driver adaptive threshold k x open-eye EAR (80th pct, last 30 s)"
D,D_cnn_p0.995,TEST,852,33040,0.9753,0.7887,0.8722,0.8941,0.0005,0.2113,17,180,217,198,0.9444,0.8618,0.9012,0.4652,"Learned CNN on 32x32 eye crop (MRL+CEW trained, ONNX)"
D,D_cnn_p0.995,TEST low-light (synthetic),852,33040,0.9457,0.7559,0.8402,0.8774,0.0011,0.2441,37,208,217,192,0.9531,0.8433,0.8949,0.4634,"Learned CNN on 32x32 eye crop (MRL+CEW trained, ONNX)"
E,E_blendshape_p0.425,TEST,852,33040,0.9296,0.9613,0.9452,0.9797,0.0019,0.0387,62,33,217,220,0.9364,0.9493,0.9428,0.0117,MediaPipe eyeBlink blendshape (needs SG1 interface change)
E,E_blendshape_p0.425,TEST low-light (synthetic),852,33040,0.8771,0.9131,0.8948,0.9549,0.0033,0.0869,109,74,217,213,0.9437,0.9263,0.9349,0.0117,MediaPipe eyeBlink blendshape (needs SG1 interface change)
